gsa,sum_gw_af
Petaluma Valley,236.1026131131381
Santa Rosa Plain,5057.36345911995
Sonoma Valley,1162.2430659646125
