gsa,sum_gw_af
Petaluma Valley,236.10261311313812
Santa Rosa Plain,7960.273091414234
Sonoma Valley,1162.2430659646125
