gsa,sum_gw_af
Petaluma Valley,321.9946721777686
Santa Rosa Plain,5192.815755399538
Sonoma Valley,1388.6985453065959
